coef,coef_binary,feature,ion,random,type,zscore,zscore_abs
-0.094252284,Negative,YIL095W,606.07,No,Kinase/Phosphatase,0.621355483,0.621355483
-0.094252284,Negative,YIL095W,606.07,Yes,Kinase/Phosphatase,0.871019277,0.871019277
-0.094252284,Negative,YIL095W,606.07,Yes,Kinase/Phosphatase,-0.133763619,0.133763619
-0.094252284,Negative,YIL095W,606.07,Yes,Kinase/Phosphatase,-0.099787451,0.099787451
-0.094252284,Negative,YIL095W,606.07,Yes,Kinase/Phosphatase,-0.560004739,0.560004739
-0.094252284,Negative,YIL095W,606.07,Yes,Kinase/Phosphatase,0.020946984,0.020946984
-0.094252284,Negative,YIL095W,606.07,Yes,Kinase/Phosphatase,0.582166261,0.582166261
-0.094252284,Negative,YIL095W,606.07,Yes,Kinase/Phosphatase,-0.024627553,0.024627553
-0.094252284,Negative,YIL095W,606.07,Yes,Kinase/Phosphatase,-0.081176783,0.081176783
-0.094252284,Negative,YIL095W,606.07,Yes,Kinase/Phosphatase,0.011510787,0.011510787
-0.094252284,Negative,YIL095W,606.07,Yes,Kinase/Phosphatase,0.692777363,0.692777363
-0.094252284,Negative,YIL095W,606.07,Yes,Kinase/Phosphatase,0.438810851,0.438810851
-0.094252284,Negative,YIL095W,606.07,Yes,Kinase/Phosphatase,0.614173542,0.614173542
-0.094252284,Negative,YIL095W,606.07,Yes,Kinase/Phosphatase,-0.27252616,0.27252616
-0.094252284,Negative,YIL095W,606.07,Yes,Kinase/Phosphatase,0.773041302,0.773041302
-0.094252284,Negative,YIL095W,606.07,Yes,Kinase/Phosphatase,0.234340561,0.234340561
-0.094252284,Negative,YIL095W,606.07,Yes,Kinase/Phosphatase,0.094581453,0.094581453
-0.094252284,Negative,YIL095W,606.07,Yes,Kinase/Phosphatase,0.79550785,0.79550785
-0.094252284,Negative,YIL095W,606.07,Yes,Kinase/Phosphatase,0.705328762,0.705328762
-0.094252284,Negative,YIL095W,606.07,Yes,Kinase/Phosphatase,-0.379405888,0.379405888
-0.094252284,Negative,YIL095W,606.07,Yes,Kinase/Phosphatase,0.05330209,0.05330209
-0.094252284,Negative,YIL095W,606.07,Yes,Kinase/Phosphatase,-0.332972304,0.332972304
-0.094252284,Negative,YIL095W,606.07,Yes,Kinase/Phosphatase,0.270432737,0.270432737
-0.094252284,Negative,YIL095W,606.07,Yes,Kinase/Phosphatase,0.076211165,0.076211165
-0.094252284,Negative,YIL095W,606.07,Yes,Kinase/Phosphatase,0.133282057,0.133282057
-0.094252284,Negative,YIL095W,606.07,Yes,Kinase/Phosphatase,-0.221941559,0.221941559
-0.094252284,Negative,YIL095W,606.07,Yes,Kinase/Phosphatase,0.099324574,0.099324574
-0.094252284,Negative,YIL095W,606.07,Yes,Kinase/Phosphatase,-2.106544633,2.106544633
-0.094252284,Negative,YIL095W,606.07,Yes,Kinase/Phosphatase,-0.10498728,0.10498728
-0.094252284,Negative,YIL095W,606.07,Yes,Kinase/Phosphatase,0.026146965,0.026146965
-0.094252284,Negative,YIL095W,606.07,Yes,Kinase/Phosphatase,-0.008209507,0.008209507
-0.094252284,Negative,YIL095W,606.07,Yes,Kinase/Phosphatase,0.406070166,0.406070166
-0.094252284,Negative,YIL095W,606.07,Yes,Kinase/Phosphatase,0.238111623,0.238111623
-0.094252284,Negative,YIL095W,606.07,Yes,Kinase/Phosphatase,0.07917351,0.07917351
-0.094252284,Negative,YIL095W,606.07,Yes,Kinase/Phosphatase,-0.217184225,0.217184225
-0.094252284,Negative,YIL095W,606.07,Yes,Kinase/Phosphatase,0.056294275,0.056294275
-0.094252284,Negative,YIL095W,606.07,Yes,Kinase/Phosphatase,0.019659602,0.019659602
-0.094252284,Negative,YIL095W,606.07,Yes,Kinase/Phosphatase,0.678223224,0.678223224
-0.094252284,Negative,YIL095W,606.07,Yes,Kinase/Phosphatase,0.119480188,0.119480188
-0.094252284,Negative,YIL095W,606.07,Yes,Kinase/Phosphatase,-0.395241997,0.395241997
-0.094252284,Negative,YIL095W,606.07,Yes,Kinase/Phosphatase,0.464956975,0.464956975
-0.094252284,Negative,YIL095W,606.07,Yes,Kinase/Phosphatase,-0.095965876,0.095965876
-0.094252284,Negative,YIL095W,606.07,Yes,Kinase/Phosphatase,0.23009409,0.23009409
-0.094252284,Negative,YIL095W,606.07,Yes,Kinase/Phosphatase,-0.069770508,0.069770508
-0.094252284,Negative,YIL095W,606.07,Yes,Kinase/Phosphatase,0.362805697,0.362805697
-0.094252284,Negative,YIL095W,606.07,Yes,Kinase/Phosphatase,0.510681995,0.510681995
-0.094252284,Negative,YIL095W,606.07,Yes,Kinase/Phosphatase,0.354271056,0.354271056
-0.094252284,Negative,YIL095W,606.07,Yes,Kinase/Phosphatase,-0.194888968,0.194888968
-0.094252284,Negative,YIL095W,606.07,Yes,Kinase/Phosphatase,0.137583157,0.137583157
-0.094252284,Negative,YIL095W,606.07,Yes,Kinase/Phosphatase,0.278499544,0.278499544
-0.094252284,Negative,YIL095W,606.07,Yes,Kinase/Phosphatase,0.240084199,0.240084199
-0.094252284,Negative,YIL095W,606.07,Yes,Kinase/Phosphatase,0.046250971,0.046250971
-0.094252284,Negative,YIL095W,606.07,Yes,Kinase/Phosphatase,-0.111108636,0.111108636
-0.094252284,Negative,YIL095W,606.07,Yes,Kinase/Phosphatase,0.114323153,0.114323153
-0.094252284,Negative,YIL095W,606.07,Yes,Kinase/Phosphatase,-0.071126477,0.071126477
-0.094252284,Negative,YIL095W,606.07,Yes,Kinase/Phosphatase,-0.318468203,0.318468203
-0.094252284,Negative,YIL095W,606.07,Yes,Kinase/Phosphatase,-0.285290107,0.285290107
-0.094252284,Negative,YIL095W,606.07,Yes,Kinase/Phosphatase,-0.137239594,0.137239594
-0.094252284,Negative,YIL095W,606.07,Yes,Kinase/Phosphatase,3.074121593,3.074121593
-0.094252284,Negative,YIL095W,606.07,Yes,Kinase/Phosphatase,0.101386502,0.101386502
-0.094252284,Negative,YIL095W,606.07,Yes,Kinase/Phosphatase,0.175656461,0.175656461
-0.094252284,Negative,YIL095W,606.07,Yes,Kinase/Phosphatase,0.030848812,0.030848812
-0.094252284,Negative,YIL095W,606.07,Yes,Kinase/Phosphatase,-0.030053895,0.030053895
-0.094252284,Negative,YIL095W,606.07,Yes,Kinase/Phosphatase,-0.188010724,0.188010724
-0.094252284,Negative,YIL095W,606.07,Yes,Kinase/Phosphatase,0.26530781,0.26530781
-0.094252284,Negative,YIL095W,606.07,Yes,Kinase/Phosphatase,-0.054523612,0.054523612
-0.094252284,Negative,YIL095W,606.07,Yes,Kinase/Phosphatase,-0.583456463,0.583456463
-0.094252284,Negative,YIL095W,606.07,Yes,Kinase/Phosphatase,0.139583629,0.139583629
-0.094252284,Negative,YIL095W,606.07,Yes,Kinase/Phosphatase,0.10431219,0.10431219
-0.094252284,Negative,YIL095W,606.07,Yes,Kinase/Phosphatase,0.378056859,0.378056859
-0.094252284,Negative,YIL095W,606.07,Yes,Kinase/Phosphatase,-0.387895272,0.387895272
-0.094252284,Negative,YIL095W,606.07,Yes,Kinase/Phosphatase,0.048094785,0.048094785
-0.094252284,Negative,YIL095W,606.07,Yes,Kinase/Phosphatase,-0.074233391,0.074233391
-0.094252284,Negative,YIL095W,606.07,Yes,Kinase/Phosphatase,-0.036058682,0.036058682
-0.094252284,Negative,YIL095W,606.07,Yes,Kinase/Phosphatase,0.191843575,0.191843575
-0.094252284,Negative,YIL095W,606.07,Yes,Kinase/Phosphatase,-0.049184126,0.049184126
-0.094252284,Negative,YIL095W,606.07,Yes,Kinase/Phosphatase,0.00548978,0.00548978
-0.094252284,Negative,YIL095W,606.07,Yes,Kinase/Phosphatase,0.151346911,0.151346911
-0.094252284,Negative,YIL095W,606.07,Yes,Kinase/Phosphatase,-0.009860401,0.009860401
-0.094252284,Negative,YIL095W,606.07,Yes,Kinase/Phosphatase,0.35353679,0.35353679
-0.094252284,Negative,YIL095W,606.07,Yes,Kinase/Phosphatase,0.735225979,0.735225979
-0.094252284,Negative,YIL095W,606.07,Yes,Kinase/Phosphatase,0.110696751,0.110696751
-0.094252284,Negative,YIL095W,606.07,Yes,Kinase/Phosphatase,0.041821977,0.041821977
-0.094252284,Negative,YIL095W,606.07,Yes,Kinase/Phosphatase,0.091691089,0.091691089
-0.094252284,Negative,YIL095W,606.07,Yes,Kinase/Phosphatase,0.382962441,0.382962441
-0.094252284,Negative,YIL095W,606.07,Yes,Kinase/Phosphatase,1.803670224,1.803670224
-0.094252284,Negative,YIL095W,606.07,Yes,Kinase/Phosphatase,0.112144952,0.112144952
-0.094252284,Negative,YIL095W,606.07,Yes,Kinase/Phosphatase,-0.210135302,0.210135302
-0.094252284,Negative,YIL095W,606.07,Yes,Kinase/Phosphatase,0.398798311,0.398798311
-0.094252284,Negative,YIL095W,606.07,Yes,Kinase/Phosphatase,0.165132133,0.165132133
-0.094252284,Negative,YIL095W,606.07,Yes,Kinase/Phosphatase,-0.466428708,0.466428708
-0.094252284,Negative,YIL095W,606.07,Yes,Kinase/Phosphatase,0.017525733,0.017525733
-0.094252284,Negative,YIL095W,606.07,Yes,Kinase/Phosphatase,0.016093573,0.016093573
-0.094252284,Negative,YIL095W,606.07,Yes,Kinase/Phosphatase,0.930339749,0.930339749
-0.094252284,Negative,YIL095W,606.07,Yes,Kinase/Phosphatase,0.059685105,0.059685105
-0.094252284,Negative,YIL095W,606.07,Yes,Kinase/Phosphatase,-0.144066714,0.144066714
-0.094252284,Negative,YIL095W,606.07,Yes,Kinase/Phosphatase,-1.434293205,1.434293205
-0.094252284,Negative,YIL095W,606.07,Yes,Kinase/Phosphatase,0.147218895,0.147218895
-0.094252284,Negative,YIL095W,606.07,Yes,Kinase/Phosphatase,-0.194654815,0.194654815
-0.094252284,Negative,YIL095W,606.07,Yes,Kinase/Phosphatase,0.039237929,0.039237929
-0.094252284,Negative,YIL095W,606.07,Yes,Kinase/Phosphatase,-0.04836109,0.04836109
-0.047954715,Negative,YJL164C,606.07,No,Kinase/Phosphatase,1.833604575,1.833604575
-0.047954715,Negative,YJL164C,606.07,Yes,Kinase/Phosphatase,0.007738094,0.007738094
-0.047954715,Negative,YJL164C,606.07,Yes,Kinase/Phosphatase,-0.108291474,0.108291474
-0.047954715,Negative,YJL164C,606.07,Yes,Kinase/Phosphatase,0.015783118,0.015783118
-0.047954715,Negative,YJL164C,606.07,Yes,Kinase/Phosphatase,0.61617226,0.61617226
-0.047954715,Negative,YJL164C,606.07,Yes,Kinase/Phosphatase,-0.041425824,0.041425824
-0.047954715,Negative,YJL164C,606.07,Yes,Kinase/Phosphatase,-0.302158588,0.302158588
-0.047954715,Negative,YJL164C,606.07,Yes,Kinase/Phosphatase,-0.126009829,0.126009829
-0.047954715,Negative,YJL164C,606.07,Yes,Kinase/Phosphatase,0.153657357,0.153657357
-0.047954715,Negative,YJL164C,606.07,Yes,Kinase/Phosphatase,0.212144181,0.212144181
-0.047954715,Negative,YJL164C,606.07,Yes,Kinase/Phosphatase,0.10758948,0.10758948
-0.047954715,Negative,YJL164C,606.07,Yes,Kinase/Phosphatase,-1.124440061,1.124440061
-0.047954715,Negative,YJL164C,606.07,Yes,Kinase/Phosphatase,-0.195113546,0.195113546
-0.047954715,Negative,YJL164C,606.07,Yes,Kinase/Phosphatase,-0.164552807,0.164552807
-0.047954715,Negative,YJL164C,606.07,Yes,Kinase/Phosphatase,-0.511184291,0.511184291
-0.047954715,Negative,YJL164C,606.07,Yes,Kinase/Phosphatase,1.176989429,1.176989429
-0.047954715,Negative,YJL164C,606.07,Yes,Kinase/Phosphatase,-1.189652291,1.189652291
-0.047954715,Negative,YJL164C,606.07,Yes,Kinase/Phosphatase,0.01885638,0.01885638
-0.047954715,Negative,YJL164C,606.07,Yes,Kinase/Phosphatase,-0.185923587,0.185923587
-0.047954715,Negative,YJL164C,606.07,Yes,Kinase/Phosphatase,-0.202122728,0.202122728
-0.047954715,Negative,YJL164C,606.07,Yes,Kinase/Phosphatase,-0.088673982,0.088673982
-0.047954715,Negative,YJL164C,606.07,Yes,Kinase/Phosphatase,0.210019079,0.210019079
-0.047954715,Negative,YJL164C,606.07,Yes,Kinase/Phosphatase,-0.409073676,0.409073676
-0.047954715,Negative,YJL164C,606.07,Yes,Kinase/Phosphatase,-0.319883775,0.319883775
-0.047954715,Negative,YJL164C,606.07,Yes,Kinase/Phosphatase,0.820607051,0.820607051
-0.047954715,Negative,YJL164C,606.07,Yes,Kinase/Phosphatase,0.306376839,0.306376839
-0.047954715,Negative,YJL164C,606.07,Yes,Kinase/Phosphatase,0.846694397,0.846694397
-0.047954715,Negative,YJL164C,606.07,Yes,Kinase/Phosphatase,0.099858463,0.099858463
-0.047954715,Negative,YJL164C,606.07,Yes,Kinase/Phosphatase,0.64414353,0.64414353
-0.047954715,Negative,YJL164C,606.07,Yes,Kinase/Phosphatase,-0.239855665,0.239855665
-0.047954715,Negative,YJL164C,606.07,Yes,Kinase/Phosphatase,0.095733256,0.095733256
-0.047954715,Negative,YJL164C,606.07,Yes,Kinase/Phosphatase,-0.314123878,0.314123878
-0.047954715,Negative,YJL164C,606.07,Yes,Kinase/Phosphatase,-0.056158173,0.056158173
-0.047954715,Negative,YJL164C,606.07,Yes,Kinase/Phosphatase,-0.087562127,0.087562127
-0.047954715,Negative,YJL164C,606.07,Yes,Kinase/Phosphatase,-0.008024002,0.008024002
-0.047954715,Negative,YJL164C,606.07,Yes,Kinase/Phosphatase,-1.780925165,1.780925165
-0.047954715,Negative,YJL164C,606.07,Yes,Kinase/Phosphatase,1.327973483,1.327973483
-0.047954715,Negative,YJL164C,606.07,Yes,Kinase/Phosphatase,-0.299478383,0.299478383
-0.047954715,Negative,YJL164C,606.07,Yes,Kinase/Phosphatase,-0.115777832,0.115777832
-0.047954715,Negative,YJL164C,606.07,Yes,Kinase/Phosphatase,0.161077008,0.161077008
-0.047954715,Negative,YJL164C,606.07,Yes,Kinase/Phosphatase,-0.010702822,0.010702822
-0.047954715,Negative,YJL164C,606.07,Yes,Kinase/Phosphatase,0.023974541,0.023974541
-0.047954715,Negative,YJL164C,606.07,Yes,Kinase/Phosphatase,-1.201209487,1.201209487
-0.047954715,Negative,YJL164C,606.07,Yes,Kinase/Phosphatase,2.227770475,2.227770475
-0.047954715,Negative,YJL164C,606.07,Yes,Kinase/Phosphatase,0.104386761,0.104386761
-0.047954715,Negative,YJL164C,606.07,Yes,Kinase/Phosphatase,-0.191253577,0.191253577
-0.047954715,Negative,YJL164C,606.07,Yes,Kinase/Phosphatase,0.449690397,0.449690397
-0.047954715,Negative,YJL164C,606.07,Yes,Kinase/Phosphatase,0.109456021,0.109456021
-0.047954715,Negative,YJL164C,606.07,Yes,Kinase/Phosphatase,-0.236361361,0.236361361
-0.047954715,Negative,YJL164C,606.07,Yes,Kinase/Phosphatase,-0.134499185,0.134499185
-0.047954715,Negative,YJL164C,606.07,Yes,Kinase/Phosphatase,-0.383662068,0.383662068
-0.047954715,Negative,YJL164C,606.07,Yes,Kinase/Phosphatase,0.068131327,0.068131327
-0.047954715,Negative,YJL164C,606.07,Yes,Kinase/Phosphatase,0.355549973,0.355549973
-0.047954715,Negative,YJL164C,606.07,Yes,Kinase/Phosphatase,0.064534155,0.064534155
-0.047954715,Negative,YJL164C,606.07,Yes,Kinase/Phosphatase,-0.928352044,0.928352044
-0.047954715,Negative,YJL164C,606.07,Yes,Kinase/Phosphatase,-0.153841683,0.153841683
-0.047954715,Negative,YJL164C,606.07,Yes,Kinase/Phosphatase,1.061870901,1.061870901
-0.047954715,Negative,YJL164C,606.07,Yes,Kinase/Phosphatase,0.230724844,0.230724844
-0.047954715,Negative,YJL164C,606.07,Yes,Kinase/Phosphatase,0.459871772,0.459871772
-0.047954715,Negative,YJL164C,606.07,Yes,Kinase/Phosphatase,-0.576946634,0.576946634
-0.047954715,Negative,YJL164C,606.07,Yes,Kinase/Phosphatase,0.052461492,0.052461492
-0.047954715,Negative,YJL164C,606.07,Yes,Kinase/Phosphatase,-2.238240602,2.238240602
-0.047954715,Negative,YJL164C,606.07,Yes,Kinase/Phosphatase,1.607685086,1.607685086
-0.047954715,Negative,YJL164C,606.07,Yes,Kinase/Phosphatase,0.038564164,0.038564164
-0.047954715,Negative,YJL164C,606.07,Yes,Kinase/Phosphatase,-0.119512644,0.119512644
-0.047954715,Negative,YJL164C,606.07,Yes,Kinase/Phosphatase,-0.020652913,0.020652913
-0.047954715,Negative,YJL164C,606.07,Yes,Kinase/Phosphatase,1.748889256,1.748889256
-0.047954715,Negative,YJL164C,606.07,Yes,Kinase/Phosphatase,0.172730875,0.172730875
-0.047954715,Negative,YJL164C,606.07,Yes,Kinase/Phosphatase,-0.064466633,0.064466633
-0.047954715,Negative,YJL164C,606.07,Yes,Kinase/Phosphatase,-0.177109785,0.177109785
-0.047954715,Negative,YJL164C,606.07,Yes,Kinase/Phosphatase,0.493386735,0.493386735
-0.047954715,Negative,YJL164C,606.07,Yes,Kinase/Phosphatase,-0.227169777,0.227169777
-0.047954715,Negative,YJL164C,606.07,Yes,Kinase/Phosphatase,0.480862181,0.480862181
-0.047954715,Negative,YJL164C,606.07,Yes,Kinase/Phosphatase,0.807079418,0.807079418
-0.047954715,Negative,YJL164C,606.07,Yes,Kinase/Phosphatase,-0.067824274,0.067824274
-0.047954715,Negative,YJL164C,606.07,Yes,Kinase/Phosphatase,0.102305596,0.102305596
-0.047954715,Negative,YJL164C,606.07,Yes,Kinase/Phosphatase,0.366877712,0.366877712
-0.047954715,Negative,YJL164C,606.07,Yes,Kinase/Phosphatase,0.335498556,0.335498556
-0.047954715,Negative,YJL164C,606.07,Yes,Kinase/Phosphatase,-0.096170352,0.096170352
-0.047954715,Negative,YJL164C,606.07,Yes,Kinase/Phosphatase,-0.425936459,0.425936459
-0.047954715,Negative,YJL164C,606.07,Yes,Kinase/Phosphatase,-0.063732459,0.063732459
-0.047954715,Negative,YJL164C,606.07,Yes,Kinase/Phosphatase,-0.223131691,0.223131691
-0.047954715,Negative,YJL164C,606.07,Yes,Kinase/Phosphatase,0.275169507,0.275169507
-0.047954715,Negative,YJL164C,606.07,Yes,Kinase/Phosphatase,-0.182435301,0.182435301
-0.047954715,Negative,YJL164C,606.07,Yes,Kinase/Phosphatase,0.631815417,0.631815417
-0.047954715,Negative,YJL164C,606.07,Yes,Kinase/Phosphatase,0.19335265,0.19335265
-0.047954715,Negative,YJL164C,606.07,Yes,Kinase/Phosphatase,0.096869,0.096869
-0.047954715,Negative,YJL164C,606.07,Yes,Kinase/Phosphatase,-1.365203025,1.365203025
-0.047954715,Negative,YJL164C,606.07,Yes,Kinase/Phosphatase,-0.399881192,0.399881192
-0.047954715,Negative,YJL164C,606.07,Yes,Kinase/Phosphatase,-0.807278366,0.807278366
-0.047954715,Negative,YJL164C,606.07,Yes,Kinase/Phosphatase,0.466907358,0.466907358
-0.047954715,Negative,YJL164C,606.07,Yes,Kinase/Phosphatase,0.025985497,0.025985497
-0.047954715,Negative,YJL164C,606.07,Yes,Kinase/Phosphatase,0.398077439,0.398077439
-0.047954715,Negative,YJL164C,606.07,Yes,Kinase/Phosphatase,0.1889321,0.1889321
-0.047954715,Negative,YJL164C,606.07,Yes,Kinase/Phosphatase,-0.250139909,0.250139909
-0.047954715,Negative,YJL164C,606.07,Yes,Kinase/Phosphatase,0.120735345,0.120735345
-0.047954715,Negative,YJL164C,606.07,Yes,Kinase/Phosphatase,-0.008811807,0.008811807
-0.047954715,Negative,YJL164C,606.07,Yes,Kinase/Phosphatase,0.270764842,0.270764842
-0.047954715,Negative,YJL164C,606.07,Yes,Kinase/Phosphatase,0.00943115,0.00943115
-0.047954715,Negative,YJL164C,606.07,Yes,Kinase/Phosphatase,-0.008050037,0.008050037
-0.047954715,Negative,YJL164C,606.07,Yes,Kinase/Phosphatase,-0.066988465,0.066988465
-0.034744104,Negative,YBL088C,606.07,No,Kinase/Phosphatase,1.03709739,1.03709739
-0.034744104,Negative,YBL088C,606.07,Yes,Kinase/Phosphatase,0.40269091,0.40269091
-0.034744104,Negative,YBL088C,606.07,Yes,Kinase/Phosphatase,0.076957329,0.076957329
-0.034744104,Negative,YBL088C,606.07,Yes,Kinase/Phosphatase,0.169855399,0.169855399
-0.034744104,Negative,YBL088C,606.07,Yes,Kinase/Phosphatase,-0.231888944,0.231888944
-0.034744104,Negative,YBL088C,606.07,Yes,Kinase/Phosphatase,0.150431998,0.150431998
-0.034744104,Negative,YBL088C,606.07,Yes,Kinase/Phosphatase,0.047671556,0.047671556
-0.034744104,Negative,YBL088C,606.07,Yes,Kinase/Phosphatase,-0.198737041,0.198737041
-0.034744104,Negative,YBL088C,606.07,Yes,Kinase/Phosphatase,-0.20099723,0.20099723
-0.034744104,Negative,YBL088C,606.07,Yes,Kinase/Phosphatase,-0.455768819,0.455768819
-0.034744104,Negative,YBL088C,606.07,Yes,Kinase/Phosphatase,0.48708095,0.48708095
-0.034744104,Negative,YBL088C,606.07,Yes,Kinase/Phosphatase,-0.282491329,0.282491329
-0.034744104,Negative,YBL088C,606.07,Yes,Kinase/Phosphatase,0.300945479,0.300945479
-0.034744104,Negative,YBL088C,606.07,Yes,Kinase/Phosphatase,-0.408553081,0.408553081
-0.034744104,Negative,YBL088C,606.07,Yes,Kinase/Phosphatase,0.033285339,0.033285339
-0.034744104,Negative,YBL088C,606.07,Yes,Kinase/Phosphatase,0.101816744,0.101816744
-0.034744104,Negative,YBL088C,606.07,Yes,Kinase/Phosphatase,2.602406107,2.602406107
-0.034744104,Negative,YBL088C,606.07,Yes,Kinase/Phosphatase,0.324586777,0.324586777
-0.034744104,Negative,YBL088C,606.07,Yes,Kinase/Phosphatase,-0.877788134,0.877788134
-0.034744104,Negative,YBL088C,606.07,Yes,Kinase/Phosphatase,-0.109343193,0.109343193
-0.034744104,Negative,YBL088C,606.07,Yes,Kinase/Phosphatase,2.919410846,2.919410846
-0.034744104,Negative,YBL088C,606.07,Yes,Kinase/Phosphatase,-0.211581439,0.211581439
-0.034744104,Negative,YBL088C,606.07,Yes,Kinase/Phosphatase,0.2062537,0.2062537
-0.034744104,Negative,YBL088C,606.07,Yes,Kinase/Phosphatase,0.83609137,0.83609137
-0.034744104,Negative,YBL088C,606.07,Yes,Kinase/Phosphatase,0.977237982,0.977237982
-0.034744104,Negative,YBL088C,606.07,Yes,Kinase/Phosphatase,-0.590787894,0.590787894
-0.034744104,Negative,YBL088C,606.07,Yes,Kinase/Phosphatase,-0.092889609,0.092889609
-0.034744104,Negative,YBL088C,606.07,Yes,Kinase/Phosphatase,0.163993201,0.163993201
-0.034744104,Negative,YBL088C,606.07,Yes,Kinase/Phosphatase,0.059487379,0.059487379
-0.034744104,Negative,YBL088C,606.07,Yes,Kinase/Phosphatase,0.357493029,0.357493029
-0.034744104,Negative,YBL088C,606.07,Yes,Kinase/Phosphatase,0.201025443,0.201025443
-0.034744104,Negative,YBL088C,606.07,Yes,Kinase/Phosphatase,-0.137993991,0.137993991
-0.034744104,Negative,YBL088C,606.07,Yes,Kinase/Phosphatase,0.223772184,0.223772184
-0.034744104,Negative,YBL088C,606.07,Yes,Kinase/Phosphatase,-0.249103627,0.249103627
-0.034744104,Negative,YBL088C,606.07,Yes,Kinase/Phosphatase,0.224643029,0.224643029
-0.034744104,Negative,YBL088C,606.07,Yes,Kinase/Phosphatase,0.110626977,0.110626977
-0.034744104,Negative,YBL088C,606.07,Yes,Kinase/Phosphatase,0.032045342,0.032045342
-0.034744104,Negative,YBL088C,606.07,Yes,Kinase/Phosphatase,0.58648089,0.58648089
-0.034744104,Negative,YBL088C,606.07,Yes,Kinase/Phosphatase,0.02407234,0.02407234
-0.034744104,Negative,YBL088C,606.07,Yes,Kinase/Phosphatase,-0.055844331,0.055844331
-0.034744104,Negative,YBL088C,606.07,Yes,Kinase/Phosphatase,0.156884567,0.156884567
-0.034744104,Negative,YBL088C,606.07,Yes,Kinase/Phosphatase,0.445562895,0.445562895
-0.034744104,Negative,YBL088C,606.07,Yes,Kinase/Phosphatase,0.153657357,0.153657357
-0.034744104,Negative,YBL088C,606.07,Yes,Kinase/Phosphatase,-0.121139346,0.121139346
-0.034744104,Negative,YBL088C,606.07,Yes,Kinase/Phosphatase,0.613360434,0.613360434
-0.034744104,Negative,YBL088C,606.07,Yes,Kinase/Phosphatase,-1.01372578,1.01372578
-0.034744104,Negative,YBL088C,606.07,Yes,Kinase/Phosphatase,-0.100433964,0.100433964
-0.034744104,Negative,YBL088C,606.07,Yes,Kinase/Phosphatase,0.21921241,0.21921241
-0.034744104,Negative,YBL088C,606.07,Yes,Kinase/Phosphatase,1.111701039,1.111701039
-0.034744104,Negative,YBL088C,606.07,Yes,Kinase/Phosphatase,-0.769815458,0.769815458
-0.034744104,Negative,YBL088C,606.07,Yes,Kinase/Phosphatase,-0.541927821,0.541927821
-0.034744104,Negative,YBL088C,606.07,Yes,Kinase/Phosphatase,-0.286428143,0.286428143
-0.034744104,Negative,YBL088C,606.07,Yes,Kinase/Phosphatase,0.421081293,0.421081293
-0.034744104,Negative,YBL088C,606.07,Yes,Kinase/Phosphatase,0.737173996,0.737173996
-0.034744104,Negative,YBL088C,606.07,Yes,Kinase/Phosphatase,-0.030074995,0.030074995
-0.034744104,Negative,YBL088C,606.07,Yes,Kinase/Phosphatase,0.231325209,0.231325209
-0.034744104,Negative,YBL088C,606.07,Yes,Kinase/Phosphatase,-0.386393824,0.386393824
-0.034744104,Negative,YBL088C,606.07,Yes,Kinase/Phosphatase,0.293082371,0.293082371
-0.034744104,Negative,YBL088C,606.07,Yes,Kinase/Phosphatase,-0.101919216,0.101919216
-0.034744104,Negative,YBL088C,606.07,Yes,Kinase/Phosphatase,-0.015330484,0.015330484
-0.034744104,Negative,YBL088C,606.07,Yes,Kinase/Phosphatase,-0.075131062,0.075131062
-0.034744104,Negative,YBL088C,606.07,Yes,Kinase/Phosphatase,-0.035151786,0.035151786
-0.034744104,Negative,YBL088C,606.07,Yes,Kinase/Phosphatase,0.080308019,0.080308019
-0.034744104,Negative,YBL088C,606.07,Yes,Kinase/Phosphatase,-0.044948026,0.044948026
-0.034744104,Negative,YBL088C,606.07,Yes,Kinase/Phosphatase,0.483616397,0.483616397
-0.034744104,Negative,YBL088C,606.07,Yes,Kinase/Phosphatase,0.224817723,0.224817723
-0.034744104,Negative,YBL088C,606.07,Yes,Kinase/Phosphatase,0.202058038,0.202058038
-0.034744104,Negative,YBL088C,606.07,Yes,Kinase/Phosphatase,-0.025138966,0.025138966
-0.034744104,Negative,YBL088C,606.07,Yes,Kinase/Phosphatase,0.391666956,0.391666956
-0.034744104,Negative,YBL088C,606.07,Yes,Kinase/Phosphatase,-0.685116589,0.685116589
-0.034744104,Negative,YBL088C,606.07,Yes,Kinase/Phosphatase,0.060657408,0.060657408
-0.034744104,Negative,YBL088C,606.07,Yes,Kinase/Phosphatase,1.159206687,1.159206687
-0.034744104,Negative,YBL088C,606.07,Yes,Kinase/Phosphatase,0.147472432,0.147472432
-0.034744104,Negative,YBL088C,606.07,Yes,Kinase/Phosphatase,-0.376869987,0.376869987
-0.034744104,Negative,YBL088C,606.07,Yes,Kinase/Phosphatase,-0.141001799,0.141001799
-0.034744104,Negative,YBL088C,606.07,Yes,Kinase/Phosphatase,0.036907588,0.036907588
-0.034744104,Negative,YBL088C,606.07,Yes,Kinase/Phosphatase,0.153450439,0.153450439
-0.034744104,Negative,YBL088C,606.07,Yes,Kinase/Phosphatase,0.224157878,0.224157878
-0.034744104,Negative,YBL088C,606.07,Yes,Kinase/Phosphatase,0.147085353,0.147085353
-0.034744104,Negative,YBL088C,606.07,Yes,Kinase/Phosphatase,-1.618383682,1.618383682
-0.034744104,Negative,YBL088C,606.07,Yes,Kinase/Phosphatase,0.07355902,0.07355902
-0.034744104,Negative,YBL088C,606.07,Yes,Kinase/Phosphatase,-0.143018262,0.143018262
-0.034744104,Negative,YBL088C,606.07,Yes,Kinase/Phosphatase,-0.161848272,0.161848272
-0.034744104,Negative,YBL088C,606.07,Yes,Kinase/Phosphatase,0.141797719,0.141797719
-0.034744104,Negative,YBL088C,606.07,Yes,Kinase/Phosphatase,0.132973408,0.132973408
-0.034744104,Negative,YBL088C,606.07,Yes,Kinase/Phosphatase,0.385361254,0.385361254
-0.034744104,Negative,YBL088C,606.07,Yes,Kinase/Phosphatase,0.742810707,0.742810707
-0.034744104,Negative,YBL088C,606.07,Yes,Kinase/Phosphatase,-0.131932826,0.131932826
-0.034744104,Negative,YBL088C,606.07,Yes,Kinase/Phosphatase,0.935961208,0.935961208
-0.034744104,Negative,YBL088C,606.07,Yes,Kinase/Phosphatase,0.108403152,0.108403152
-0.034744104,Negative,YBL088C,606.07,Yes,Kinase/Phosphatase,-0.089349213,0.089349213
-0.034744104,Negative,YBL088C,606.07,Yes,Kinase/Phosphatase,-0.784801007,0.784801007
-0.034744104,Negative,YBL088C,606.07,Yes,Kinase/Phosphatase,-0.314325726,0.314325726
-0.034744104,Negative,YBL088C,606.07,Yes,Kinase/Phosphatase,-0.288963113,0.288963113
-0.034744104,Negative,YBL088C,606.07,Yes,Kinase/Phosphatase,-0.277929157,0.277929157
-0.034744104,Negative,YBL088C,606.07,Yes,Kinase/Phosphatase,0.060850258,0.060850258
-0.034744104,Negative,YBL088C,606.07,Yes,Kinase/Phosphatase,0.417972454,0.417972454
-0.034744104,Negative,YBL088C,606.07,Yes,Kinase/Phosphatase,0.145875385,0.145875385
-0.034744104,Negative,YBL088C,606.07,Yes,Kinase/Phosphatase,-0.495810338,0.495810338
-0.034744104,Negative,YBL088C,606.07,Yes,Kinase/Phosphatase,0.000890799,0.000890799
-0.034744104,Negative,YBL088C,606.07,Yes,Kinase/Phosphatase,-0.31760591,0.31760591
-0.017909004,Negative,YOR061W,606.07,No,Kinase/Phosphatase,0.708747423,0.708747423
-0.017909004,Negative,YOR061W,606.07,Yes,Kinase/Phosphatase,1.050400363,1.050400363
-0.017909004,Negative,YOR061W,606.07,Yes,Kinase/Phosphatase,-0.250503375,0.250503375
-0.017909004,Negative,YOR061W,606.07,Yes,Kinase/Phosphatase,0.465062948,0.465062948
-0.017909004,Negative,YOR061W,606.07,Yes,Kinase/Phosphatase,0.89403661,0.89403661
-0.017909004,Negative,YOR061W,606.07,Yes,Kinase/Phosphatase,0.30704816,0.30704816
-0.017909004,Negative,YOR061W,606.07,Yes,Kinase/Phosphatase,0.415480278,0.415480278
-0.017909004,Negative,YOR061W,606.07,Yes,Kinase/Phosphatase,-0.246170368,0.246170368
-0.017909004,Negative,YOR061W,606.07,Yes,Kinase/Phosphatase,-0.448091746,0.448091746
-0.017909004,Negative,YOR061W,606.07,Yes,Kinase/Phosphatase,-0.002902173,0.002902173
-0.017909004,Negative,YOR061W,606.07,Yes,Kinase/Phosphatase,0.064778992,0.064778992
-0.017909004,Negative,YOR061W,606.07,Yes,Kinase/Phosphatase,-0.485285509,0.485285509
-0.017909004,Negative,YOR061W,606.07,Yes,Kinase/Phosphatase,0.938031234,0.938031234
-0.017909004,Negative,YOR061W,606.07,Yes,Kinase/Phosphatase,0.413556543,0.413556543
-0.017909004,Negative,YOR061W,606.07,Yes,Kinase/Phosphatase,-0.008122763,0.008122763
-0.017909004,Negative,YOR061W,606.07,Yes,Kinase/Phosphatase,-0.766394802,0.766394802
-0.017909004,Negative,YOR061W,606.07,Yes,Kinase/Phosphatase,0.383375088,0.383375088
-0.017909004,Negative,YOR061W,606.07,Yes,Kinase/Phosphatase,-0.00958467,0.00958467
-0.017909004,Negative,YOR061W,606.07,Yes,Kinase/Phosphatase,0.332748102,0.332748102
-0.017909004,Negative,YOR061W,606.07,Yes,Kinase/Phosphatase,-0.112363719,0.112363719
-0.017909004,Negative,YOR061W,606.07,Yes,Kinase/Phosphatase,0.235751651,0.235751651
-0.017909004,Negative,YOR061W,606.07,Yes,Kinase/Phosphatase,-0.058716026,0.058716026
-0.017909004,Negative,YOR061W,606.07,Yes,Kinase/Phosphatase,-0.059986212,0.059986212
-0.017909004,Negative,YOR061W,606.07,Yes,Kinase/Phosphatase,0.42538167,0.42538167
-0.017909004,Negative,YOR061W,606.07,Yes,Kinase/Phosphatase,0.053390782,0.053390782
-0.017909004,Negative,YOR061W,606.07,Yes,Kinase/Phosphatase,-0.23638466,0.23638466
-0.017909004,Negative,YOR061W,606.07,Yes,Kinase/Phosphatase,0.204724257,0.204724257
-0.017909004,Negative,YOR061W,606.07,Yes,Kinase/Phosphatase,0.298392188,0.298392188
-0.017909004,Negative,YOR061W,606.07,Yes,Kinase/Phosphatase,0.121529189,0.121529189
-0.017909004,Negative,YOR061W,606.07,Yes,Kinase/Phosphatase,-0.032545699,0.032545699
-0.017909004,Negative,YOR061W,606.07,Yes,Kinase/Phosphatase,0.41147634,0.41147634
-0.017909004,Negative,YOR061W,606.07,Yes,Kinase/Phosphatase,-1.080135287,1.080135287
-0.017909004,Negative,YOR061W,606.07,Yes,Kinase/Phosphatase,0.718739828,0.718739828
-0.017909004,Negative,YOR061W,606.07,Yes,Kinase/Phosphatase,-0.102656638,0.102656638
-0.017909004,Negative,YOR061W,606.07,Yes,Kinase/Phosphatase,-0.093701194,0.093701194
-0.017909004,Negative,YOR061W,606.07,Yes,Kinase/Phosphatase,-0.356609116,0.356609116
-0.017909004,Negative,YOR061W,606.07,Yes,Kinase/Phosphatase,0.5183202,0.5183202
-0.017909004,Negative,YOR061W,606.07,Yes,Kinase/Phosphatase,-0.543408266,0.543408266
-0.017909004,Negative,YOR061W,606.07,Yes,Kinase/Phosphatase,1.017320689,1.017320689
-0.017909004,Negative,YOR061W,606.07,Yes,Kinase/Phosphatase,0.132977586,0.132977586
-0.017909004,Negative,YOR061W,606.07,Yes,Kinase/Phosphatase,0.219982987,0.219982987
-0.017909004,Negative,YOR061W,606.07,Yes,Kinase/Phosphatase,0.052162428,0.052162428
-0.017909004,Negative,YOR061W,606.07,Yes,Kinase/Phosphatase,0.152547479,0.152547479
-0.017909004,Negative,YOR061W,606.07,Yes,Kinase/Phosphatase,0.090162775,0.090162775
-0.017909004,Negative,YOR061W,606.07,Yes,Kinase/Phosphatase,0.742778398,0.742778398
-0.017909004,Negative,YOR061W,606.07,Yes,Kinase/Phosphatase,-0.03811281,0.03811281
-0.017909004,Negative,YOR061W,606.07,Yes,Kinase/Phosphatase,0.321012943,0.321012943
-0.017909004,Negative,YOR061W,606.07,Yes,Kinase/Phosphatase,-0.522094842,0.522094842
-0.017909004,Negative,YOR061W,606.07,Yes,Kinase/Phosphatase,0.0173136,0.0173136
-0.017909004,Negative,YOR061W,606.07,Yes,Kinase/Phosphatase,0.021537153,0.021537153
-0.017909004,Negative,YOR061W,606.07,Yes,Kinase/Phosphatase,-0.214477686,0.214477686
-0.017909004,Negative,YOR061W,606.07,Yes,Kinase/Phosphatase,0.867864413,0.867864413
-0.017909004,Negative,YOR061W,606.07,Yes,Kinase/Phosphatase,-0.479742674,0.479742674
-0.017909004,Negative,YOR061W,606.07,Yes,Kinase/Phosphatase,-0.053606346,0.053606346
-0.017909004,Negative,YOR061W,606.07,Yes,Kinase/Phosphatase,-0.096282216,0.096282216
-0.017909004,Negative,YOR061W,606.07,Yes,Kinase/Phosphatase,-0.550504904,0.550504904
-0.017909004,Negative,YOR061W,606.07,Yes,Kinase/Phosphatase,-0.545217767,0.545217767
-0.017909004,Negative,YOR061W,606.07,Yes,Kinase/Phosphatase,0.177969552,0.177969552
-0.017909004,Negative,YOR061W,606.07,Yes,Kinase/Phosphatase,-0.170231355,0.170231355
-0.017909004,Negative,YOR061W,606.07,Yes,Kinase/Phosphatase,0.010758496,0.010758496
-0.017909004,Negative,YOR061W,606.07,Yes,Kinase/Phosphatase,-0.124658061,0.124658061
-0.017909004,Negative,YOR061W,606.07,Yes,Kinase/Phosphatase,0.064627663,0.064627663
-0.017909004,Negative,YOR061W,606.07,Yes,Kinase/Phosphatase,0.555760194,0.555760194
-0.017909004,Negative,YOR061W,606.07,Yes,Kinase/Phosphatase,0.137155269,0.137155269
-0.017909004,Negative,YOR061W,606.07,Yes,Kinase/Phosphatase,0.052308251,0.052308251
-0.017909004,Negative,YOR061W,606.07,Yes,Kinase/Phosphatase,-0.018121064,0.018121064
-0.017909004,Negative,YOR061W,606.07,Yes,Kinase/Phosphatase,-0.280601448,0.280601448
-0.017909004,Negative,YOR061W,606.07,Yes,Kinase/Phosphatase,-0.269915827,0.269915827
-0.017909004,Negative,YOR061W,606.07,Yes,Kinase/Phosphatase,-0.284565378,0.284565378
-0.017909004,Negative,YOR061W,606.07,Yes,Kinase/Phosphatase,0.163940622,0.163940622
-0.017909004,Negative,YOR061W,606.07,Yes,Kinase/Phosphatase,0.02481797,0.02481797
-0.017909004,Negative,YOR061W,606.07,Yes,Kinase/Phosphatase,-0.298216753,0.298216753
-0.017909004,Negative,YOR061W,606.07,Yes,Kinase/Phosphatase,-0.136179058,0.136179058
-0.017909004,Negative,YOR061W,606.07,Yes,Kinase/Phosphatase,0.423003935,0.423003935
-0.017909004,Negative,YOR061W,606.07,Yes,Kinase/Phosphatase,-0.060240323,0.060240323
-0.017909004,Negative,YOR061W,606.07,Yes,Kinase/Phosphatase,0.210222304,0.210222304
-0.017909004,Negative,YOR061W,606.07,Yes,Kinase/Phosphatase,0.08532044,0.08532044
-0.017909004,Negative,YOR061W,606.07,Yes,Kinase/Phosphatase,1.993568828,1.993568828
-0.017909004,Negative,YOR061W,606.07,Yes,Kinase/Phosphatase,-1.84573311,1.84573311
-0.017909004,Negative,YOR061W,606.07,Yes,Kinase/Phosphatase,-0.277231775,0.277231775
-0.017909004,Negative,YOR061W,606.07,Yes,Kinase/Phosphatase,-0.189377375,0.189377375
-0.017909004,Negative,YOR061W,606.07,Yes,Kinase/Phosphatase,-0.23997069,0.23997069
-0.017909004,Negative,YOR061W,606.07,Yes,Kinase/Phosphatase,0.320074443,0.320074443
-0.017909004,Negative,YOR061W,606.07,Yes,Kinase/Phosphatase,-0.006977259,0.006977259
-0.017909004,Negative,YOR061W,606.07,Yes,Kinase/Phosphatase,-0.01952632,0.01952632
-0.017909004,Negative,YOR061W,606.07,Yes,Kinase/Phosphatase,0.194737116,0.194737116
-0.017909004,Negative,YOR061W,606.07,Yes,Kinase/Phosphatase,0.840164682,0.840164682
-0.017909004,Negative,YOR061W,606.07,Yes,Kinase/Phosphatase,0.268070225,0.268070225
-0.017909004,Negative,YOR061W,606.07,Yes,Kinase/Phosphatase,0.281756307,0.281756307
-0.017909004,Negative,YOR061W,606.07,Yes,Kinase/Phosphatase,-0.369453797,0.369453797
-0.017909004,Negative,YOR061W,606.07,Yes,Kinase/Phosphatase,0.288313398,0.288313398
-0.017909004,Negative,YOR061W,606.07,Yes,Kinase/Phosphatase,-0.284555558,0.284555558
-0.017909004,Negative,YOR061W,606.07,Yes,Kinase/Phosphatase,-0.143084153,0.143084153
-0.017909004,Negative,YOR061W,606.07,Yes,Kinase/Phosphatase,0.1793629,0.1793629
-0.017909004,Negative,YOR061W,606.07,Yes,Kinase/Phosphatase,-0.428530077,0.428530077
-0.017909004,Negative,YOR061W,606.07,Yes,Kinase/Phosphatase,0.705075318,0.705075318
-0.017909004,Negative,YOR061W,606.07,Yes,Kinase/Phosphatase,0.121375796,0.121375796
-0.017909004,Negative,YOR061W,606.07,Yes,Kinase/Phosphatase,0.845106382,0.845106382
-0.017909004,Negative,YOR061W,606.07,Yes,Kinase/Phosphatase,0.034395363,0.034395363
-0.017909004,Negative,YOR061W,606.07,Yes,Kinase/Phosphatase,0.092554241,0.092554241
-0.017909004,Negative,YOR061W,606.07,Yes,Kinase/Phosphatase,-0.039911362,0.039911362
-0.009999039,Negative,YIL035C,606.07,No,Kinase/Phosphatase,1.393161386,1.393161386
-0.009999039,Negative,YIL035C,606.07,Yes,Kinase/Phosphatase,0.097573533,0.097573533
-0.009999039,Negative,YIL035C,606.07,Yes,Kinase/Phosphatase,0.044018337,0.044018337
-0.009999039,Negative,YIL035C,606.07,Yes,Kinase/Phosphatase,0.289658885,0.289658885
-0.009999039,Negative,YIL035C,606.07,Yes,Kinase/Phosphatase,0.190403082,0.190403082
-0.009999039,Negative,YIL035C,606.07,Yes,Kinase/Phosphatase,0.164376098,0.164376098
-0.009999039,Negative,YIL035C,606.07,Yes,Kinase/Phosphatase,-0.036231208,0.036231208
-0.009999039,Negative,YIL035C,606.07,Yes,Kinase/Phosphatase,-0.013216917,0.013216917
-0.009999039,Negative,YIL035C,606.07,Yes,Kinase/Phosphatase,-0.148099716,0.148099716
-0.009999039,Negative,YIL035C,606.07,Yes,Kinase/Phosphatase,-0.475896168,0.475896168
-0.009999039,Negative,YIL035C,606.07,Yes,Kinase/Phosphatase,-0.974972836,0.974972836
-0.009999039,Negative,YIL035C,606.07,Yes,Kinase/Phosphatase,-0.210468003,0.210468003
-0.009999039,Negative,YIL035C,606.07,Yes,Kinase/Phosphatase,0.000388355,0.000388355
-0.009999039,Negative,YIL035C,606.07,Yes,Kinase/Phosphatase,-0.42702441,0.42702441
-0.009999039,Negative,YIL035C,606.07,Yes,Kinase/Phosphatase,2.706879556,2.706879556
-0.009999039,Negative,YIL035C,606.07,Yes,Kinase/Phosphatase,0.009204591,0.009204591
-0.009999039,Negative,YIL035C,606.07,Yes,Kinase/Phosphatase,-0.848537031,0.848537031
-0.009999039,Negative,YIL035C,606.07,Yes,Kinase/Phosphatase,0.867793819,0.867793819
-0.009999039,Negative,YIL035C,606.07,Yes,Kinase/Phosphatase,0.606807493,0.606807493
-0.009999039,Negative,YIL035C,606.07,Yes,Kinase/Phosphatase,-0.786186429,0.786186429
-0.009999039,Negative,YIL035C,606.07,Yes,Kinase/Phosphatase,-0.195318062,0.195318062
-0.009999039,Negative,YIL035C,606.07,Yes,Kinase/Phosphatase,-0.350616201,0.350616201
-0.009999039,Negative,YIL035C,606.07,Yes,Kinase/Phosphatase,0.177573106,0.177573106
-0.009999039,Negative,YIL035C,606.07,Yes,Kinase/Phosphatase,-0.12672878,0.12672878
-0.009999039,Negative,YIL035C,606.07,Yes,Kinase/Phosphatase,-0.009006894,0.009006894
-0.009999039,Negative,YIL035C,606.07,Yes,Kinase/Phosphatase,0.00227308,0.00227308
-0.009999039,Negative,YIL035C,606.07,Yes,Kinase/Phosphatase,0.306940879,0.306940879
-0.009999039,Negative,YIL035C,606.07,Yes,Kinase/Phosphatase,0.125444467,0.125444467
-0.009999039,Negative,YIL035C,606.07,Yes,Kinase/Phosphatase,-0.069579613,0.069579613
-0.009999039,Negative,YIL035C,606.07,Yes,Kinase/Phosphatase,0.176286462,0.176286462
-0.009999039,Negative,YIL035C,606.07,Yes,Kinase/Phosphatase,0.056414518,0.056414518
-0.009999039,Negative,YIL035C,606.07,Yes,Kinase/Phosphatase,0.730323464,0.730323464
-0.009999039,Negative,YIL035C,606.07,Yes,Kinase/Phosphatase,-2.553079253,2.553079253
-0.009999039,Negative,YIL035C,606.07,Yes,Kinase/Phosphatase,1.123633767,1.123633767
-0.009999039,Negative,YIL035C,606.07,Yes,Kinase/Phosphatase,0.115838347,0.115838347
-0.009999039,Negative,YIL035C,606.07,Yes,Kinase/Phosphatase,0.059673883,0.059673883
-0.009999039,Negative,YIL035C,606.07,Yes,Kinase/Phosphatase,1.243715456,1.243715456
-0.009999039,Negative,YIL035C,606.07,Yes,Kinase/Phosphatase,-0.030957204,0.030957204
-0.009999039,Negative,YIL035C,606.07,Yes,Kinase/Phosphatase,-0.420519593,0.420519593
-0.009999039,Negative,YIL035C,606.07,Yes,Kinase/Phosphatase,2.01821945,2.01821945
-0.009999039,Negative,YIL035C,606.07,Yes,Kinase/Phosphatase,0.021167436,0.021167436
-0.009999039,Negative,YIL035C,606.07,Yes,Kinase/Phosphatase,0.040496893,0.040496893
-0.009999039,Negative,YIL035C,606.07,Yes,Kinase/Phosphatase,0.130734363,0.130734363
-0.009999039,Negative,YIL035C,606.07,Yes,Kinase/Phosphatase,-0.310920706,0.310920706
-0.009999039,Negative,YIL035C,606.07,Yes,Kinase/Phosphatase,0.026264652,0.026264652
-0.009999039,Negative,YIL035C,606.07,Yes,Kinase/Phosphatase,0.721877452,0.721877452
-0.009999039,Negative,YIL035C,606.07,Yes,Kinase/Phosphatase,-0.462712276,0.462712276
-0.009999039,Negative,YIL035C,606.07,Yes,Kinase/Phosphatase,-0.29326035,0.29326035
-0.009999039,Negative,YIL035C,606.07,Yes,Kinase/Phosphatase,-0.188481976,0.188481976
-0.009999039,Negative,YIL035C,606.07,Yes,Kinase/Phosphatase,-0.31447701,0.31447701
-0.009999039,Negative,YIL035C,606.07,Yes,Kinase/Phosphatase,0.248328991,0.248328991
-0.009999039,Negative,YIL035C,606.07,Yes,Kinase/Phosphatase,0.047193754,0.047193754
-0.009999039,Negative,YIL035C,606.07,Yes,Kinase/Phosphatase,-0.016443463,0.016443463
-0.009999039,Negative,YIL035C,606.07,Yes,Kinase/Phosphatase,0.121280938,0.121280938
-0.009999039,Negative,YIL035C,606.07,Yes,Kinase/Phosphatase,1.357902411,1.357902411
-0.009999039,Negative,YIL035C,606.07,Yes,Kinase/Phosphatase,-0.039452765,0.039452765
-0.009999039,Negative,YIL035C,606.07,Yes,Kinase/Phosphatase,-0.138217437,0.138217437
-0.009999039,Negative,YIL035C,606.07,Yes,Kinase/Phosphatase,0.091345414,0.091345414
-0.009999039,Negative,YIL035C,606.07,Yes,Kinase/Phosphatase,0.401142579,0.401142579
-0.009999039,Negative,YIL035C,606.07,Yes,Kinase/Phosphatase,-0.530508232,0.530508232
-0.009999039,Negative,YIL035C,606.07,Yes,Kinase/Phosphatase,-0.412361662,0.412361662
-0.009999039,Negative,YIL035C,606.07,Yes,Kinase/Phosphatase,0.395902175,0.395902175
-0.009999039,Negative,YIL035C,606.07,Yes,Kinase/Phosphatase,-0.048905715,0.048905715
-0.009999039,Negative,YIL035C,606.07,Yes,Kinase/Phosphatase,0.049529135,0.049529135
-0.009999039,Negative,YIL035C,606.07,Yes,Kinase/Phosphatase,-0.736484826,0.736484826
-0.009999039,Negative,YIL035C,606.07,Yes,Kinase/Phosphatase,-0.11151293,0.11151293
-0.009999039,Negative,YIL035C,606.07,Yes,Kinase/Phosphatase,-0.158811767,0.158811767
-0.009999039,Negative,YIL035C,606.07,Yes,Kinase/Phosphatase,0.512186497,0.512186497
-0.009999039,Negative,YIL035C,606.07,Yes,Kinase/Phosphatase,-0.058097467,0.058097467
-0.009999039,Negative,YIL035C,606.07,Yes,Kinase/Phosphatase,0.138258973,0.138258973
-0.009999039,Negative,YIL035C,606.07,Yes,Kinase/Phosphatase,0.207026485,0.207026485
-0.009999039,Negative,YIL035C,606.07,Yes,Kinase/Phosphatase,-0.302158588,0.302158588
-0.009999039,Negative,YIL035C,606.07,Yes,Kinase/Phosphatase,0.038945738,0.038945738
-0.009999039,Negative,YIL035C,606.07,Yes,Kinase/Phosphatase,0.580646962,0.580646962
-0.009999039,Negative,YIL035C,606.07,Yes,Kinase/Phosphatase,-0.069536938,0.069536938
-0.009999039,Negative,YIL035C,606.07,Yes,Kinase/Phosphatase,-0.132765443,0.132765443
-0.009999039,Negative,YIL035C,606.07,Yes,Kinase/Phosphatase,-0.065615535,0.065615535
-0.009999039,Negative,YIL035C,606.07,Yes,Kinase/Phosphatase,-2.237799825,2.237799825
-0.009999039,Negative,YIL035C,606.07,Yes,Kinase/Phosphatase,0.637629367,0.637629367
-0.009999039,Negative,YIL035C,606.07,Yes,Kinase/Phosphatase,-0.361133041,0.361133041
-0.009999039,Negative,YIL035C,606.07,Yes,Kinase/Phosphatase,0.335700901,0.335700901
-0.009999039,Negative,YIL035C,606.07,Yes,Kinase/Phosphatase,0.044823654,0.044823654
-0.009999039,Negative,YIL035C,606.07,Yes,Kinase/Phosphatase,0.086641139,0.086641139
-0.009999039,Negative,YIL035C,606.07,Yes,Kinase/Phosphatase,0.439123829,0.439123829
-0.009999039,Negative,YIL035C,606.07,Yes,Kinase/Phosphatase,-0.324023765,0.324023765
-0.009999039,Negative,YIL035C,606.07,Yes,Kinase/Phosphatase,0.6830393,0.6830393
-0.009999039,Negative,YIL035C,606.07,Yes,Kinase/Phosphatase,0.0903433,0.0903433
-0.009999039,Negative,YIL035C,606.07,Yes,Kinase/Phosphatase,-0.144076699,0.144076699
-0.009999039,Negative,YIL035C,606.07,Yes,Kinase/Phosphatase,-0.049353579,0.049353579
-0.009999039,Negative,YIL035C,606.07,Yes,Kinase/Phosphatase,-0.076931957,0.076931957
-0.009999039,Negative,YIL035C,606.07,Yes,Kinase/Phosphatase,0.967912706,0.967912706
-0.009999039,Negative,YIL035C,606.07,Yes,Kinase/Phosphatase,-0.991369975,0.991369975
-0.009999039,Negative,YIL035C,606.07,Yes,Kinase/Phosphatase,0.193117193,0.193117193
-0.009999039,Negative,YIL035C,606.07,Yes,Kinase/Phosphatase,-0.003048044,0.003048044
-0.009999039,Negative,YIL035C,606.07,Yes,Kinase/Phosphatase,-0.326275833,0.326275833
-0.009999039,Negative,YIL035C,606.07,Yes,Kinase/Phosphatase,-0.260542213,0.260542213
-0.009999039,Negative,YIL035C,606.07,Yes,Kinase/Phosphatase,0.707913442,0.707913442
-0.009999039,Negative,YIL035C,606.07,Yes,Kinase/Phosphatase,-0.396858575,0.396858575
-0.009999039,Negative,YIL035C,606.07,Yes,Kinase/Phosphatase,-0.189480517,0.189480517
-0.009999039,Negative,YIL035C,606.07,Yes,Kinase/Phosphatase,0.37946676,0.37946676
-0.009999039,Negative,YIL035C,606.07,Yes,Kinase/Phosphatase,-0.056891649,0.056891649
-0.008145928,Negative,YFL033C,606.07,No,Kinase/Phosphatase,-0.09518937,0.09518937
-0.008145928,Negative,YFL033C,606.07,Yes,Kinase/Phosphatase,0.746844914,0.746844914
-0.008145928,Negative,YFL033C,606.07,Yes,Kinase/Phosphatase,0.451632598,0.451632598
-0.008145928,Negative,YFL033C,606.07,Yes,Kinase/Phosphatase,-0.070668785,0.070668785
-0.008145928,Negative,YFL033C,606.07,Yes,Kinase/Phosphatase,-0.06552499,0.06552499
-0.008145928,Negative,YFL033C,606.07,Yes,Kinase/Phosphatase,1.33616958,1.33616958
-0.008145928,Negative,YFL033C,606.07,Yes,Kinase/Phosphatase,0.09793375,0.09793375
-0.008145928,Negative,YFL033C,606.07,Yes,Kinase/Phosphatase,0.124987415,0.124987415
-0.008145928,Negative,YFL033C,606.07,Yes,Kinase/Phosphatase,-0.022380581,0.022380581
-0.008145928,Negative,YFL033C,606.07,Yes,Kinase/Phosphatase,-0.310039007,0.310039007
-0.008145928,Negative,YFL033C,606.07,Yes,Kinase/Phosphatase,-0.092172205,0.092172205
-0.008145928,Negative,YFL033C,606.07,Yes,Kinase/Phosphatase,0.64510549,0.64510549
-0.008145928,Negative,YFL033C,606.07,Yes,Kinase/Phosphatase,-0.309068998,0.309068998
-0.008145928,Negative,YFL033C,606.07,Yes,Kinase/Phosphatase,-0.213007326,0.213007326
-0.008145928,Negative,YFL033C,606.07,Yes,Kinase/Phosphatase,0.035364355,0.035364355
-0.008145928,Negative,YFL033C,606.07,Yes,Kinase/Phosphatase,0.031907037,0.031907037
-0.008145928,Negative,YFL033C,606.07,Yes,Kinase/Phosphatase,-0.916216082,0.916216082
-0.008145928,Negative,YFL033C,606.07,Yes,Kinase/Phosphatase,0.939455301,0.939455301
-0.008145928,Negative,YFL033C,606.07,Yes,Kinase/Phosphatase,0.023586402,0.023586402
-0.008145928,Negative,YFL033C,606.07,Yes,Kinase/Phosphatase,-0.098523851,0.098523851
-0.008145928,Negative,YFL033C,606.07,Yes,Kinase/Phosphatase,0.582199852,0.582199852
-0.008145928,Negative,YFL033C,606.07,Yes,Kinase/Phosphatase,0.100452769,0.100452769
-0.008145928,Negative,YFL033C,606.07,Yes,Kinase/Phosphatase,-0.174848018,0.174848018
-0.008145928,Negative,YFL033C,606.07,Yes,Kinase/Phosphatase,1.015209432,1.015209432
-0.008145928,Negative,YFL033C,606.07,Yes,Kinase/Phosphatase,-0.586504878,0.586504878
-0.008145928,Negative,YFL033C,606.07,Yes,Kinase/Phosphatase,0.521114815,0.521114815
-0.008145928,Negative,YFL033C,606.07,Yes,Kinase/Phosphatase,0.382513378,0.382513378
-0.008145928,Negative,YFL033C,606.07,Yes,Kinase/Phosphatase,0.042904677,0.042904677
-0.008145928,Negative,YFL033C,606.07,Yes,Kinase/Phosphatase,-0.513581796,0.513581796
-0.008145928,Negative,YFL033C,606.07,Yes,Kinase/Phosphatase,-0.186262245,0.186262245
-0.008145928,Negative,YFL033C,606.07,Yes,Kinase/Phosphatase,0.10953735,0.10953735
-0.008145928,Negative,YFL033C,606.07,Yes,Kinase/Phosphatase,0.530878435,0.530878435
-0.008145928,Negative,YFL033C,606.07,Yes,Kinase/Phosphatase,-0.278264265,0.278264265
-0.008145928,Negative,YFL033C,606.07,Yes,Kinase/Phosphatase,0.100076457,0.100076457
-0.008145928,Negative,YFL033C,606.07,Yes,Kinase/Phosphatase,-0.388021398,0.388021398
-0.008145928,Negative,YFL033C,606.07,Yes,Kinase/Phosphatase,-0.007189225,0.007189225
-0.008145928,Negative,YFL033C,606.07,Yes,Kinase/Phosphatase,0.428095505,0.428095505
-0.008145928,Negative,YFL033C,606.07,Yes,Kinase/Phosphatase,0.700798401,0.700798401
-0.008145928,Negative,YFL033C,606.07,Yes,Kinase/Phosphatase,0.291333446,0.291333446
-0.008145928,Negative,YFL033C,606.07,Yes,Kinase/Phosphatase,1.004241472,1.004241472
-0.008145928,Negative,YFL033C,606.07,Yes,Kinase/Phosphatase,-0.163613184,0.163613184
-0.008145928,Negative,YFL033C,606.07,Yes,Kinase/Phosphatase,0.682057843,0.682057843
-0.008145928,Negative,YFL033C,606.07,Yes,Kinase/Phosphatase,0.767280224,0.767280224
-0.008145928,Negative,YFL033C,606.07,Yes,Kinase/Phosphatase,-0.024709721,0.024709721
-0.008145928,Negative,YFL033C,606.07,Yes,Kinase/Phosphatase,0.213666796,0.213666796
-0.008145928,Negative,YFL033C,606.07,Yes,Kinase/Phosphatase,0.40621594,0.40621594
-0.008145928,Negative,YFL033C,606.07,Yes,Kinase/Phosphatase,0.424258066,0.424258066
-0.008145928,Negative,YFL033C,606.07,Yes,Kinase/Phosphatase,0.418439346,0.418439346
-0.008145928,Negative,YFL033C,606.07,Yes,Kinase/Phosphatase,0.108046687,0.108046687
-0.008145928,Negative,YFL033C,606.07,Yes,Kinase/Phosphatase,-0.274614173,0.274614173
-0.008145928,Negative,YFL033C,606.07,Yes,Kinase/Phosphatase,0.108958276,0.108958276
-0.008145928,Negative,YFL033C,606.07,Yes,Kinase/Phosphatase,-0.280889943,0.280889943
-0.008145928,Negative,YFL033C,606.07,Yes,Kinase/Phosphatase,-0.162812624,0.162812624
-0.008145928,Negative,YFL033C,606.07,Yes,Kinase/Phosphatase,-0.418758858,0.418758858
-0.008145928,Negative,YFL033C,606.07,Yes,Kinase/Phosphatase,0.809159049,0.809159049
-0.008145928,Negative,YFL033C,606.07,Yes,Kinase/Phosphatase,0.020841684,0.020841684
-0.008145928,Negative,YFL033C,606.07,Yes,Kinase/Phosphatase,0.13134308,0.13134308
-0.008145928,Negative,YFL033C,606.07,Yes,Kinase/Phosphatase,1.869159724,1.869159724
-0.008145928,Negative,YFL033C,606.07,Yes,Kinase/Phosphatase,0.33098966,0.33098966
-0.008145928,Negative,YFL033C,606.07,Yes,Kinase/Phosphatase,-0.278496195,0.278496195
-0.008145928,Negative,YFL033C,606.07,Yes,Kinase/Phosphatase,2.794893503,2.794893503
-0.008145928,Negative,YFL033C,606.07,Yes,Kinase/Phosphatase,-0.150798758,0.150798758
-0.008145928,Negative,YFL033C,606.07,Yes,Kinase/Phosphatase,-1.014938873,1.014938873
-0.008145928,Negative,YFL033C,606.07,Yes,Kinase/Phosphatase,1.068163038,1.068163038
-0.008145928,Negative,YFL033C,606.07,Yes,Kinase/Phosphatase,0.1854279,0.1854279
-0.008145928,Negative,YFL033C,606.07,Yes,Kinase/Phosphatase,-0.087836495,0.087836495
-0.008145928,Negative,YFL033C,606.07,Yes,Kinase/Phosphatase,0.130038025,0.130038025
-0.008145928,Negative,YFL033C,606.07,Yes,Kinase/Phosphatase,0.029152088,0.029152088
-0.008145928,Negative,YFL033C,606.07,Yes,Kinase/Phosphatase,0.287983938,0.287983938
-0.008145928,Negative,YFL033C,606.07,Yes,Kinase/Phosphatase,-0.088853199,0.088853199
-0.008145928,Negative,YFL033C,606.07,Yes,Kinase/Phosphatase,-0.325841765,0.325841765
-0.008145928,Negative,YFL033C,606.07,Yes,Kinase/Phosphatase,-0.704750454,0.704750454
-0.008145928,Negative,YFL033C,606.07,Yes,Kinase/Phosphatase,2.476918562,2.476918562
-0.008145928,Negative,YFL033C,606.07,Yes,Kinase/Phosphatase,-0.308852785,0.308852785
-0.008145928,Negative,YFL033C,606.07,Yes,Kinase/Phosphatase,1.26777542,1.26777542
-0.008145928,Negative,YFL033C,606.07,Yes,Kinase/Phosphatase,0.123409948,0.123409948
-0.008145928,Negative,YFL033C,606.07,Yes,Kinase/Phosphatase,0.187055006,0.187055006
-0.008145928,Negative,YFL033C,606.07,Yes,Kinase/Phosphatase,0.628952089,0.628952089
-0.008145928,Negative,YFL033C,606.07,Yes,Kinase/Phosphatase,0.205613702,0.205613702
-0.008145928,Negative,YFL033C,606.07,Yes,Kinase/Phosphatase,0.149040957,0.149040957
-0.008145928,Negative,YFL033C,606.07,Yes,Kinase/Phosphatase,0.285529201,0.285529201
-0.008145928,Negative,YFL033C,606.07,Yes,Kinase/Phosphatase,-0.075705881,0.075705881
-0.008145928,Negative,YFL033C,606.07,Yes,Kinase/Phosphatase,-0.59583591,0.59583591
-0.008145928,Negative,YFL033C,606.07,Yes,Kinase/Phosphatase,-0.514254903,0.514254903
-0.008145928,Negative,YFL033C,606.07,Yes,Kinase/Phosphatase,-0.073207657,0.073207657
-0.008145928,Negative,YFL033C,606.07,Yes,Kinase/Phosphatase,0.466378133,0.466378133
-0.008145928,Negative,YFL033C,606.07,Yes,Kinase/Phosphatase,-0.031337046,0.031337046
-0.008145928,Negative,YFL033C,606.07,Yes,Kinase/Phosphatase,0.107760435,0.107760435
-0.008145928,Negative,YFL033C,606.07,Yes,Kinase/Phosphatase,-1.721929308,1.721929308
-0.008145928,Negative,YFL033C,606.07,Yes,Kinase/Phosphatase,-0.13662548,0.13662548
-0.008145928,Negative,YFL033C,606.07,Yes,Kinase/Phosphatase,0.0414019,0.0414019
-0.008145928,Negative,YFL033C,606.07,Yes,Kinase/Phosphatase,0.063904162,0.063904162
-0.008145928,Negative,YFL033C,606.07,Yes,Kinase/Phosphatase,0.293261194,0.293261194
-0.008145928,Negative,YFL033C,606.07,Yes,Kinase/Phosphatase,-0.222213111,0.222213111
-0.008145928,Negative,YFL033C,606.07,Yes,Kinase/Phosphatase,-0.090811516,0.090811516
-0.008145928,Negative,YFL033C,606.07,Yes,Kinase/Phosphatase,-0.262572702,0.262572702
-0.008145928,Negative,YFL033C,606.07,Yes,Kinase/Phosphatase,0.285786781,0.285786781
-0.008145928,Negative,YFL033C,606.07,Yes,Kinase/Phosphatase,-0.100713984,0.100713984
-0.008145928,Negative,YFL033C,606.07,Yes,Kinase/Phosphatase,-0.056119039,0.056119039
-0.008145928,Negative,YFL033C,606.07,Yes,Kinase/Phosphatase,-0.869255626,0.869255626
-0.008145928,Negative,YFL033C,606.07,Yes,Kinase/Phosphatase,-0.020776281,0.020776281
0.004278354,Positive,YJR066W,606.07,No,Kinase/Phosphatase,0.63463152,0.63463152
0.004278354,Positive,YJR066W,606.07,Yes,Kinase/Phosphatase,0.790759439,0.790759439
0.004278354,Positive,YJR066W,606.07,Yes,Kinase/Phosphatase,-1.347779965,1.347779965
0.004278354,Positive,YJR066W,606.07,Yes,Kinase/Phosphatase,0.135134624,0.135134624
0.004278354,Positive,YJR066W,606.07,Yes,Kinase/Phosphatase,-0.219992593,0.219992593
0.004278354,Positive,YJR066W,606.07,Yes,Kinase/Phosphatase,0.008490995,0.008490995
0.004278354,Positive,YJR066W,606.07,Yes,Kinase/Phosphatase,-0.277329499,0.277329499
0.004278354,Positive,YJR066W,606.07,Yes,Kinase/Phosphatase,-0.245168663,0.245168663
0.004278354,Positive,YJR066W,606.07,Yes,Kinase/Phosphatase,0.145721677,0.145721677
0.004278354,Positive,YJR066W,606.07,Yes,Kinase/Phosphatase,0.157982289,0.157982289
0.004278354,Positive,YJR066W,606.07,Yes,Kinase/Phosphatase,-0.479799108,0.479799108
0.004278354,Positive,YJR066W,606.07,Yes,Kinase/Phosphatase,-0.543737804,0.543737804
0.004278354,Positive,YJR066W,606.07,Yes,Kinase/Phosphatase,0.027111702,0.027111702
0.004278354,Positive,YJR066W,606.07,Yes,Kinase/Phosphatase,-0.130509377,0.130509377
0.004278354,Positive,YJR066W,606.07,Yes,Kinase/Phosphatase,-0.009223784,0.009223784
0.004278354,Positive,YJR066W,606.07,Yes,Kinase/Phosphatase,0.480776982,0.480776982
0.004278354,Positive,YJR066W,606.07,Yes,Kinase/Phosphatase,-0.00596852,0.00596852
0.004278354,Positive,YJR066W,606.07,Yes,Kinase/Phosphatase,0.395283876,0.395283876
0.004278354,Positive,YJR066W,606.07,Yes,Kinase/Phosphatase,-0.172630672,0.172630672
0.004278354,Positive,YJR066W,606.07,Yes,Kinase/Phosphatase,-0.138346998,0.138346998
0.004278354,Positive,YJR066W,606.07,Yes,Kinase/Phosphatase,2.112459486,2.112459486
0.004278354,Positive,YJR066W,606.07,Yes,Kinase/Phosphatase,0.469280779,0.469280779
0.004278354,Positive,YJR066W,606.07,Yes,Kinase/Phosphatase,0.876055614,0.876055614
0.004278354,Positive,YJR066W,606.07,Yes,Kinase/Phosphatase,-1.019846682,1.019846682
0.004278354,Positive,YJR066W,606.07,Yes,Kinase/Phosphatase,0.215513824,0.215513824
0.004278354,Positive,YJR066W,606.07,Yes,Kinase/Phosphatase,0.026420538,0.026420538
0.004278354,Positive,YJR066W,606.07,Yes,Kinase/Phosphatase,-0.036112862,0.036112862
0.004278354,Positive,YJR066W,606.07,Yes,Kinase/Phosphatase,0.011173424,0.011173424
0.004278354,Positive,YJR066W,606.07,Yes,Kinase/Phosphatase,-0.202937551,0.202937551
0.004278354,Positive,YJR066W,606.07,Yes,Kinase/Phosphatase,-0.082288263,0.082288263
0.004278354,Positive,YJR066W,606.07,Yes,Kinase/Phosphatase,0.213658999,0.213658999
0.004278354,Positive,YJR066W,606.07,Yes,Kinase/Phosphatase,0.144887277,0.144887277
0.004278354,Positive,YJR066W,606.07,Yes,Kinase/Phosphatase,0.716732062,0.716732062
0.004278354,Positive,YJR066W,606.07,Yes,Kinase/Phosphatase,0.733749231,0.733749231
0.004278354,Positive,YJR066W,606.07,Yes,Kinase/Phosphatase,0.184870898,0.184870898
0.004278354,Positive,YJR066W,606.07,Yes,Kinase/Phosphatase,0.017190519,0.017190519
0.004278354,Positive,YJR066W,606.07,Yes,Kinase/Phosphatase,-0.38444854,0.38444854
0.004278354,Positive,YJR066W,606.07,Yes,Kinase/Phosphatase,0.194890079,0.194890079
0.004278354,Positive,YJR066W,606.07,Yes,Kinase/Phosphatase,-0.513581796,0.513581796
0.004278354,Positive,YJR066W,606.07,Yes,Kinase/Phosphatase,0.045273718,0.045273718
0.004278354,Positive,YJR066W,606.07,Yes,Kinase/Phosphatase,0.250824354,0.250824354
0.004278354,Positive,YJR066W,606.07,Yes,Kinase/Phosphatase,-0.064927483,0.064927483
0.004278354,Positive,YJR066W,606.07,Yes,Kinase/Phosphatase,0.425319378,0.425319378
0.004278354,Positive,YJR066W,606.07,Yes,Kinase/Phosphatase,0.012195091,0.012195091
0.004278354,Positive,YJR066W,606.07,Yes,Kinase/Phosphatase,0.009530919,0.009530919
0.004278354,Positive,YJR066W,606.07,Yes,Kinase/Phosphatase,0.00202078,0.00202078
0.004278354,Positive,YJR066W,606.07,Yes,Kinase/Phosphatase,-0.123792401,0.123792401
0.004278354,Positive,YJR066W,606.07,Yes,Kinase/Phosphatase,-0.270218363,0.270218363
0.004278354,Positive,YJR066W,606.07,Yes,Kinase/Phosphatase,0.113806091,0.113806091
0.004278354,Positive,YJR066W,606.07,Yes,Kinase/Phosphatase,-0.191323446,0.191323446
0.004278354,Positive,YJR066W,606.07,Yes,Kinase/Phosphatase,0.141758682,0.141758682
0.004278354,Positive,YJR066W,606.07,Yes,Kinase/Phosphatase,-0.408360693,0.408360693
0.004278354,Positive,YJR066W,606.07,Yes,Kinase/Phosphatase,-0.0081439,0.0081439
0.004278354,Positive,YJR066W,606.07,Yes,Kinase/Phosphatase,0.169969241,0.169969241
0.004278354,Positive,YJR066W,606.07,Yes,Kinase/Phosphatase,0.143703211,0.143703211
0.004278354,Positive,YJR066W,606.07,Yes,Kinase/Phosphatase,0.012331904,0.012331904
0.004278354,Positive,YJR066W,606.07,Yes,Kinase/Phosphatase,0.186357405,0.186357405
0.004278354,Positive,YJR066W,606.07,Yes,Kinase/Phosphatase,-0.619460166,0.619460166
0.004278354,Positive,YJR066W,606.07,Yes,Kinase/Phosphatase,0.354860683,0.354860683
0.004278354,Positive,YJR066W,606.07,Yes,Kinase/Phosphatase,0.180787503,0.180787503
0.004278354,Positive,YJR066W,606.07,Yes,Kinase/Phosphatase,0.276916217,0.276916217
0.004278354,Positive,YJR066W,606.07,Yes,Kinase/Phosphatase,0.096845729,0.096845729
0.004278354,Positive,YJR066W,606.07,Yes,Kinase/Phosphatase,0.169262539,0.169262539
0.004278354,Positive,YJR066W,606.07,Yes,Kinase/Phosphatase,-0.095721986,0.095721986
0.004278354,Positive,YJR066W,606.07,Yes,Kinase/Phosphatase,-0.114468054,0.114468054
0.004278354,Positive,YJR066W,606.07,Yes,Kinase/Phosphatase,0.296481487,0.296481487
0.004278354,Positive,YJR066W,606.07,Yes,Kinase/Phosphatase,1.208798566,1.208798566
0.004278354,Positive,YJR066W,606.07,Yes,Kinase/Phosphatase,1.180446346,1.180446346
0.004278354,Positive,YJR066W,606.07,Yes,Kinase/Phosphatase,-1.448311051,1.448311051
0.004278354,Positive,YJR066W,606.07,Yes,Kinase/Phosphatase,0.120686903,0.120686903
0.004278354,Positive,YJR066W,606.07,Yes,Kinase/Phosphatase,0.000315024,0.000315024
0.004278354,Positive,YJR066W,606.07,Yes,Kinase/Phosphatase,-1.006451299,1.006451299
0.004278354,Positive,YJR066W,606.07,Yes,Kinase/Phosphatase,0.724054828,0.724054828
0.004278354,Positive,YJR066W,606.07,Yes,Kinase/Phosphatase,-0.029789207,0.029789207
0.004278354,Positive,YJR066W,606.07,Yes,Kinase/Phosphatase,-0.60719566,0.60719566
0.004278354,Positive,YJR066W,606.07,Yes,Kinase/Phosphatase,0.10403004,0.10403004
0.004278354,Positive,YJR066W,606.07,Yes,Kinase/Phosphatase,-0.045812629,0.045812629
0.004278354,Positive,YJR066W,606.07,Yes,Kinase/Phosphatase,0.982529492,0.982529492
0.004278354,Positive,YJR066W,606.07,Yes,Kinase/Phosphatase,0.011683324,0.011683324
0.004278354,Positive,YJR066W,606.07,Yes,Kinase/Phosphatase,-0.090907265,0.090907265
0.004278354,Positive,YJR066W,606.07,Yes,Kinase/Phosphatase,-0.038643657,0.038643657
0.004278354,Positive,YJR066W,606.07,Yes,Kinase/Phosphatase,0.358664508,0.358664508
0.004278354,Positive,YJR066W,606.07,Yes,Kinase/Phosphatase,-0.259357066,0.259357066
0.004278354,Positive,YJR066W,606.07,Yes,Kinase/Phosphatase,-0.152927362,0.152927362
0.004278354,Positive,YJR066W,606.07,Yes,Kinase/Phosphatase,0.119923285,0.119923285
0.004278354,Positive,YJR066W,606.07,Yes,Kinase/Phosphatase,-0.279503876,0.279503876
0.004278354,Positive,YJR066W,606.07,Yes,Kinase/Phosphatase,0.421081293,0.421081293
0.004278354,Positive,YJR066W,606.07,Yes,Kinase/Phosphatase,0.003438012,0.003438012
0.004278354,Positive,YJR066W,606.07,Yes,Kinase/Phosphatase,-0.040235262,0.040235262
0.004278354,Positive,YJR066W,606.07,Yes,Kinase/Phosphatase,-0.240813691,0.240813691
0.004278354,Positive,YJR066W,606.07,Yes,Kinase/Phosphatase,0.001934505,0.001934505
0.004278354,Positive,YJR066W,606.07,Yes,Kinase/Phosphatase,-0.128509412,0.128509412
0.004278354,Positive,YJR066W,606.07,Yes,Kinase/Phosphatase,-0.031453628,0.031453628
0.004278354,Positive,YJR066W,606.07,Yes,Kinase/Phosphatase,-0.245760971,0.245760971
0.004278354,Positive,YJR066W,606.07,Yes,Kinase/Phosphatase,1.258230228,1.258230228
0.004278354,Positive,YJR066W,606.07,Yes,Kinase/Phosphatase,0.445688102,0.445688102
0.004278354,Positive,YJR066W,606.07,Yes,Kinase/Phosphatase,-0.06037452,0.06037452
0.004278354,Positive,YJR066W,606.07,Yes,Kinase/Phosphatase,-0.226070287,0.226070287
0.004278354,Positive,YJR066W,606.07,Yes,Kinase/Phosphatase,-0.150875055,0.150875055
0.004278354,Positive,YJR066W,606.07,Yes,Kinase/Phosphatase,0.029450553,0.029450553
0.004278354,Positive,YJR066W,606.07,Yes,Kinase/Phosphatase,0.079319805,0.079319805
